{"cameraMode":{"drawMode":0,"name":"Shaded","section":"Shading Mode"},"sceneLighting":true,"audioPlay":false,"sceneViewState":{"m_AlwaysRefresh":false,"showFog":true,"showSkybox":true,"showFlares":true,"showImageEffects":true,"showParticleSystems":true,"showVisualEffectGraphs":true,"m_FxEnabled":true},"in2DMode":false,"pivot":{"x":0.16550344228744508,"y":-13.574447631835938,"z":2.851853847503662},"rotation":{"x":0.007620907388627529,"y":0.7085482478141785,"z":-0.705594003200531,"w":0.0076560345478355888},"size":22.14057159423828,"orthographic":false}